{
    "strategy": "pbrs",
    "num_seeds": 10,
    "final_unshaped_reward_mean": -78.37683257794058,
    "final_unshaped_reward_std": 1.3699339612070314,
    "final_unshaped_reward_ci95": 1.0330019743271919,
    "mean_training_time_seconds": 1032.8521921396255,
    "total_training_time_seconds": 10328.521921396255
}