{
    "strategy": "pbrs",
    "num_seeds": 5,
    "final_unshaped_reward_mean": -143.42001515151514,
    "final_unshaped_reward_std": 106.71300786396499,
    "final_unshaped_reward_ci95": 148.1414041724199,
    "mean_training_time_seconds": 377.70762224197387,
    "total_training_time_seconds": 1888.5381112098694
}