{
    "strategy": "identity",
    "num_seeds": 10,
    "final_unshaped_reward_mean": -76.51057255631159,
    "final_unshaped_reward_std": 1.5907007252450482,
    "final_unshaped_reward_ci95": 1.1994716798567655,
    "mean_training_time_seconds": 1027.552688717842,
    "total_training_time_seconds": 10275.526887178421
}