{
    "reference_default": {
        "mean_reward": 103.04615273709352,
        "std_reward": 36.64037828008864,
        "mean_auc": -674.9150475625,
        "std_auc": 186.6508857463036,
        "num_seeds": 3
    },
    "learning_rate": {
        "0.0003": {
            "mean_reward": 103.04615273709352,
            "std_reward": 36.64037828008864,
            "mean_auc": -674.9150475625,
            "std_auc": 186.6508857463036,
            "num_seeds": 3
        },
        "0.0001": {
            "mean_reward": -53.23712501850119,
            "std_reward": 6.292883397115297,
            "mean_auc": -1327.9141896316667,
            "std_auc": 338.29141897868,
            "num_seeds": 3
        },
        "5e-05": {
            "mean_reward": -73.04327088836915,
            "std_reward": 21.119651316712233,
            "mean_auc": -1481.991835945,
            "std_auc": 313.01478666425436,
            "num_seeds": 3
        }
    },
    "batch_size": {
        "64": {
            "mean_reward": 103.04615273709352,
            "std_reward": 36.64037828008864,
            "mean_auc": -674.9150475625,
            "std_auc": 186.6508857463036,
            "num_seeds": 3
        },
        "128": {
            "mean_reward": 13.859224484820666,
            "std_reward": 24.451716847165738,
            "mean_auc": -921.6032965216667,
            "std_auc": 125.75922404267756,
            "num_seeds": 3
        },
        "256": {
            "mean_reward": -15.68818416409169,
            "std_reward": 43.593080853765755,
            "mean_auc": -966.2675926983333,
            "std_auc": 179.636309380784,
            "num_seeds": 3
        }
    },
    "gamma": {
        "0.99": {
            "mean_reward": 103.04615273709352,
            "std_reward": 36.64037828008864,
            "mean_auc": -674.9150475625,
            "std_auc": 186.6508857463036,
            "num_seeds": 3
        },
        "0.995": {
            "mean_reward": 31.486149813351943,
            "std_reward": 76.10976604777203,
            "mean_auc": -565.2977762016666,
            "std_auc": 101.03751182865408,
            "num_seeds": 3
        },
        "0.999": {
            "mean_reward": 114.7698122508806,
            "std_reward": 30.908591450460708,
            "mean_auc": -355.6547550558334,
            "std_auc": 170.07406503551542,
            "num_seeds": 3
        }
    },
    "gae_lambda": {
        "0.95": {
            "mean_reward": 103.04615273709352,
            "std_reward": 36.64037828008864,
            "mean_auc": -674.9150475625,
            "std_auc": 186.6508857463036,
            "num_seeds": 3
        },
        "0.97": {
            "mean_reward": -28.163240538178794,
            "std_reward": 40.73944266053731,
            "mean_auc": -387.7029073008334,
            "std_auc": 129.17068661889394,
            "num_seeds": 3
        },
        "0.99": {
            "mean_reward": 65.95887602179381,
            "std_reward": 48.90653819133934,
            "mean_auc": -363.80781593916663,
            "std_auc": 179.7520453505449,
            "num_seeds": 3
        }
    },
    "ent_coef": {
        "0.0": {
            "mean_reward": 103.04615273709352,
            "std_reward": 36.64037828008864,
            "mean_auc": -674.9150475625,
            "std_auc": 186.6508857463036,
            "num_seeds": 3
        },
        "0.01": {
            "mean_reward": 19.42391676013166,
            "std_reward": 23.42699643765118,
            "mean_auc": -620.2727014758334,
            "std_auc": 77.65173769583336,
            "num_seeds": 3
        },
        "0.02": {
            "mean_reward": -4.549052801966941,
            "std_reward": 42.97513245819886,
            "mean_auc": -585.0046398583332,
            "std_auc": 192.77468274206075,
            "num_seeds": 3
        }
    },
    "clip_range": {
        "0.2": {
            "mean_reward": 103.04615273709352,
            "std_reward": 36.64037828008864,
            "mean_auc": -674.9150475625,
            "std_auc": 186.6508857463036,
            "num_seeds": 3
        },
        "0.15": {
            "mean_reward": -9.588668482572325,
            "std_reward": 64.13905396097005,
            "mean_auc": -810.0421216025001,
            "std_auc": 236.29448264775021,
            "num_seeds": 3
        },
        "0.1": {
            "mean_reward": -53.7232667457969,
            "std_reward": 9.537348566173733,
            "mean_auc": -857.42188084,
            "std_auc": 291.65338520103194,
            "num_seeds": 3
        }
    },
    "net_arch": {
        "64x64": {
            "mean_reward": 103.04615273709352,
            "std_reward": 36.64037828008864,
            "mean_auc": -674.9150475625,
            "std_auc": 186.6508857463036,
            "num_seeds": 3
        },
        "128x128": {
            "mean_reward": 70.99578058363984,
            "std_reward": 37.02629502247674,
            "mean_auc": -454.42281492666666,
            "std_auc": 65.59625739540922,
            "num_seeds": 3
        },
        "256x256": {
            "mean_reward": 72.30987273858425,
            "std_reward": 12.999274441433961,
            "mean_auc": -278.9088675333333,
            "std_auc": 83.25358075709188,
            "num_seeds": 3
        }
    }
}