{
    "final_rewards": {
        "dense_values": [
            281.0291109,
            281.07410719999996,
            266.0740329,
            266.799099,
            275.3972312,
            276.4224023,
            260.66275129999997,
            258.78390079999997,
            259.82217319999995,
            270.7433631
        ],
        "pbrs_values": [
            248.847507,
            258.5388598,
            217.8137823,
            261.8189712,
            233.5762778,
            277.7756277,
            255.18780700000002,
            248.9967737,
            245.208999,
            247.67882660000004
        ],
        "t_statistic": 3.4867455241838625,
        "t_p_value": 0.00374750896349734,
        "u_statistic": 89.0,
        "u_p_value": 0.0036105143123296027,
        "cohens_d": 1.5593200024636507
    },
    "thresholds": {
        "-100.0": {
            "dense_mean": 58500.0,
            "pbrs_mean": 59000.0,
            "t_statistic": -0.04630754635238175,
            "t_p_value": 0.9636593697565649,
            "u_statistic": 39.0,
            "u_p_value": 0.42189353876877733,
            "cohens_d": -0.020709364303029606
        },
        "0.0": {
            "dense_mean": 70500.0,
            "pbrs_mean": 104500.0,
            "t_statistic": -4.37120555642593,
            "t_p_value": 0.00047182006143022264,
            "u_statistic": 6.0,
            "u_p_value": 0.0009515266683120077,
            "cohens_d": -1.9548625535586346
        },
        "50.0": {
            "dense_mean": 83000.0,
            "pbrs_mean": 131000.0,
            "t_statistic": -3.17655646084012,
            "t_p_value": 0.00809798874364382,
            "u_statistic": 12.5,
            "u_p_value": 0.004976119349523619,
            "cohens_d": -1.4205992361609312
        },
        "100.0": {
            "dense_mean": 89000.0,
            "pbrs_mean": 139500.0,
            "t_statistic": -2.999411995290314,
            "t_p_value": 0.010254024804294623,
            "u_statistic": 15.5,
            "u_p_value": 0.009939606824290504,
            "cohens_d": -1.3413778227994846
        },
        "200.0": {
            "dense_mean": 133500.0,
            "pbrs_mean": 225000.0,
            "t_statistic": -4.0918907367716555,
            "t_p_value": 0.0006866676374541488,
            "u_statistic": 6.0,
            "u_p_value": 0.0009903746557158209,
            "cohens_d": -1.829949168784624
        }
    }
}