{
    "final_rewards": {
        "dense_values": [
            281.0291109,
            281.07410719999996,
            266.0740329,
            266.799099,
            275.3972312,
            276.4224023,
            260.66275129999997,
            258.78390079999997,
            259.82217319999995,
            270.7433631
        ],
        "identity_values": [
            252.1763596,
            264.9421114,
            263.5226366,
            193.4100424,
            253.87455340000002,
            259.9079144,
            257.5136465,
            236.002599,
            231.1354437,
            251.84862760000001
        ],
        "t_statistic": 3.16118354450107,
        "t_p_value": 0.008408529203646015,
        "u_statistic": 92.0,
        "u_p_value": 0.0017062493689195967,
        "cohens_d": 1.413724258971625
    },
    "thresholds": {
        "-100.0": {
            "dense_mean": 58500.0,
            "identity_mean": 61500.0,
            "t_statistic": -0.2619446385150111,
            "t_p_value": 0.7970006448285962,
            "u_statistic": 41.5,
            "u_p_value": 0.5439838315636973,
            "cohens_d": -0.11714520361223489
        },
        "0.0": {
            "dense_mean": 70500.0,
            "identity_mean": 96500.0,
            "t_statistic": -2.872192807842769,
            "t_p_value": 0.012173482999836123,
            "u_statistic": 21.5,
            "u_p_value": 0.0332171699808025,
            "cohens_d": -1.2844836725644844
        },
        "50.0": {
            "dense_mean": 83000.0,
            "identity_mean": 100500.0,
            "t_statistic": -1.7665156135634597,
            "t_p_value": 0.0963637253222204,
            "u_statistic": 27.0,
            "u_p_value": 0.08693067707225814,
            "cohens_d": -0.7900097990485292
        },
        "100.0": {
            "dense_mean": 89000.0,
            "identity_mean": 118500.0,
            "t_statistic": -1.9408408104687769,
            "t_p_value": 0.07268433098728126,
            "u_statistic": 26.5,
            "u_p_value": 0.08106336915577773,
            "cohens_d": -0.8679703971427941
        },
        "200.0": {
            "dense_mean": 133500.0,
            "identity_mean": 233000.0,
            "t_statistic": -3.1692166313844266,
            "t_p_value": 0.006705873186620378,
            "u_statistic": 12.0,
            "u_p_value": 0.004525431389184727,
            "cohens_d": -1.4173167646396942
        }
    }
}