{
    "final_rewards": {
        "dense_values": [
            -100.8,
            -110.2,
            -101.9,
            -120.2,
            -139.6,
            -200.0,
            -134.8,
            -115.9,
            -128.9,
            -200.0
        ],
        "pbrs_values": [
            -112.8,
            -200.0
        ],
        "t_statistic": 0.46940450871190015,
        "t_p_value": 0.7125129293456847,
        "u_statistic": 12.0,
        "u_p_value": 0.74553748053554,
        "cohens_d": 0.5330288945270046
    },
    "thresholds": {
        "-180.0": {
            "dense_mean": 264375.0,
            "pbrs_mean": 115000.0,
            "t_statistic": 0.0,
            "t_p_value": 1.0,
            "u_statistic": 0.0,
            "u_p_value": 1.0,
            "cohens_d": 0.0
        },
        "-160.0": {
            "dense_mean": 280000.0,
            "pbrs_mean": 115000.0,
            "t_statistic": 0.0,
            "t_p_value": 1.0,
            "u_statistic": 0.0,
            "u_p_value": 1.0,
            "cohens_d": 0.0
        },
        "-140.0": {
            "dense_mean": 298125.0,
            "pbrs_mean": 115000.0,
            "t_statistic": 0.0,
            "t_p_value": 1.0,
            "u_statistic": 0.0,
            "u_p_value": 1.0,
            "cohens_d": 0.0
        },
        "-120.0": {
            "dense_mean": 361875.0,
            "pbrs_mean": 220000.0,
            "t_statistic": 0.0,
            "t_p_value": 1.0,
            "u_statistic": 0.0,
            "u_p_value": 1.0,
            "cohens_d": 0.0
        },
        "-110.0": {
            "dense_mean": 400714.28571428574,
            "pbrs_mean": 245000.0,
            "t_statistic": 0.0,
            "t_p_value": 1.0,
            "u_statistic": 0.0,
            "u_p_value": 1.0,
            "cohens_d": 0.0
        }
    }
}