{
    "final_rewards": {
        "dense_values": [
            -100.8,
            -110.2,
            -101.9,
            -120.2,
            -139.6,
            -200.0,
            -134.8,
            -115.9,
            -128.9,
            -200.0
        ],
        "identity_values": [
            -200.0,
            -122.2,
            -200.0,
            -200.0,
            -119.1,
            -200.0,
            -200.0,
            -200.0,
            -133.6,
            -200.0
        ],
        "t_statistic": 2.5926635167517835,
        "t_p_value": 0.01838060495941775,
        "u_statistic": 78.0,
        "u_p_value": 0.029298294404550566,
        "cohens_d": 1.1594743732481307
    },
    "thresholds": {
        "-180.0": {
            "dense_mean": 264375.0,
            "identity_mean": 511666.6666666667,
            "t_statistic": -3.347580384892318,
            "t_p_value": 0.010101795335370766,
            "u_statistic": 3.0,
            "u_p_value": 0.08203264583195917,
            "cohens_d": -1.6383737615801723
        },
        "-160.0": {
            "dense_mean": 280000.0,
            "identity_mean": 526666.6666666666,
            "t_statistic": -3.195541423649504,
            "t_p_value": 0.01507717615113635,
            "u_statistic": 3.0,
            "u_p_value": 0.08484848484848484,
            "cohens_d": -1.6470220514749987
        },
        "-140.0": {
            "dense_mean": 298125.0,
            "identity_mean": 541666.6666666666,
            "t_statistic": -2.9936663130448835,
            "t_p_value": 0.02341686535190371,
            "u_statistic": 3.0,
            "u_p_value": 0.08484848484848484,
            "cohens_d": -1.6183707131196752
        },
        "-120.0": {
            "dense_mean": 361875.0,
            "identity_mean": 575000.0,
            "t_statistic": -2.3269591311645046,
            "t_p_value": 0.0709164942628842,
            "u_statistic": 3.0,
            "u_p_value": 0.08203264583195917,
            "cohens_d": -1.397405376478167
        },
        "-110.0": {
            "dense_mean": 400714.28571428574,
            "identity_mean": 603333.3333333334,
            "t_statistic": -2.056053446699633,
            "t_p_value": 0.14279619711324867,
            "u_statistic": 1.0,
            "u_p_value": 0.03333333333333333,
            "cohens_d": -1.7504591751873542
        }
    }
}