Strategy,Seeds,Final Reward (Mean),Final Reward (Std),95% CI,Mean Train Time (s),Steps to R>=-180.0,Steps to R>=-160.0,Steps to R>=-140.0,Steps to R>=-120.0,Steps to R>=-110.0
Dense,10,-137.28554229112274,31.540649328369778,23.78330193308034,1409.6381553411484,264375.0,280000.0,298125.0,361875.0,400714.28571428574
Identity,10,-175.59978463211502,37.27948999580437,28.110688440518864,1684.0380900144578,511666.6666666667,526666.6666666666,541666.6666666666,575000.0,603333.3333333334
Pbrs,2,-159.35879332477535,40.641206675224645,516.395492751055,4985.333993673325,115000.0,115000.0,115000.0,220000.0,245000.0
