Strategy,Seeds,Final Reward (Mean),Final Reward (Std),95% CI,Mean Train Time (s),Steps to R>=100,Steps to R>=200,Steps to R>=300,Steps to R>=400,Steps to R>=500
Dense,5,1.5135275242625141,50.05199516402961,69.48330848927695,640.6653257846832,,,,,
Identity,5,99.00629594152971,32.68298808306585,45.371261143233085,644.0870909690857,95000.0,,,,
Pbrs,5,50.84866952845218,45.182787414658776,62.72376447831104,643.9886847019195,95000.0,,,,
