Strategy,Seeds,Final Reward (Mean),Final Reward (Std),95% CI,Mean Train Time (s),Steps to R>=100,Steps to R>=200,Steps to R>=300,Steps to R>=400,Steps to R>=500
Dense,5,500.0,0.0,0.0,191.23360486030577,5000.0,6000.0,8000.0,15000.0,23000.0
Identity,5,405.6666666666667,188.66666666666669,261.91132159032566,150.93554239273072,5000.0,7500.0,8750.0,13750.0,25000.0
Pbrs,5,500.0,0.0,0.0,183.97647919654847,5000.0,6000.0,8000.0,13000.0,22000.0
