{
    "strategy": "pbrs",
    "num_seeds": 2,
    "final_unshaped_reward_mean": -159.35879332477535,
    "final_unshaped_reward_std": 40.641206675224645,
    "final_unshaped_reward_ci95": 516.395492751055,
    "mean_training_time_seconds": 4985.333993673325,
    "total_training_time_seconds": 4985.333993673325
}