{
    "reference_default": {
        "mean_reward": -84.69458970834329,
        "std_reward": 2.3787221488181527,
        "mean_auc": -154.0775,
        "std_auc": 29.61035524103012,
        "num_seeds": 3
    },
    "learning_rate": {
        "0.0003": {
            "mean_reward": -84.69458970834329,
            "std_reward": 2.3787221488181527,
            "mean_auc": -154.0775,
            "std_auc": 29.61035524103012,
            "num_seeds": 3
        },
        "0.0001": {
            "mean_reward": -84.74878374766105,
            "std_reward": 1.477005778395265,
            "mean_auc": -139.99166666666667,
            "std_auc": 68.75966193723048,
            "num_seeds": 3
        },
        "5e-05": {
            "mean_reward": -94.40797511312218,
            "std_reward": 7.613590228278293,
            "mean_auc": -109.42666666666666,
            "std_auc": 22.781941160830772,
            "num_seeds": 3
        }
    },
    "batch_size": {
        "64": {
            "mean_reward": -84.69458970834329,
            "std_reward": 2.3787221488181527,
            "mean_auc": -154.0775,
            "std_auc": 29.61035524103012,
            "num_seeds": 3
        },
        "128": {
            "mean_reward": -82.75727244996291,
            "std_reward": 0.41397872707783434,
            "mean_auc": -136.71,
            "std_auc": 7.0876030268819905,
            "num_seeds": 3
        },
        "256": {
            "mean_reward": -86.37989417989418,
            "std_reward": 2.3949382294591435,
            "mean_auc": -130.35083333333333,
            "std_auc": 34.05268554836102,
            "num_seeds": 3
        }
    },
    "gamma": {
        "0.99": {
            "mean_reward": -84.69458970834329,
            "std_reward": 2.3787221488181527,
            "mean_auc": -154.0775,
            "std_auc": 29.61035524103012,
            "num_seeds": 3
        },
        "0.995": {
            "mean_reward": -82.7895440852436,
            "std_reward": 1.9296110577578804,
            "mean_auc": -143.03916666666666,
            "std_auc": 16.93885589078816,
            "num_seeds": 3
        },
        "0.999": {
            "mean_reward": -84.38054549114332,
            "std_reward": 1.6394904257087746,
            "mean_auc": -125.95666666666666,
            "std_auc": 19.574073661918778,
            "num_seeds": 3
        }
    },
    "gae_lambda": {
        "0.95": {
            "mean_reward": -84.69458970834329,
            "std_reward": 2.3787221488181527,
            "mean_auc": -154.0775,
            "std_auc": 29.61035524103012,
            "num_seeds": 3
        },
        "0.97": {
            "mean_reward": -86.90682379412577,
            "std_reward": 5.9718932024715565,
            "mean_auc": -148.84583333333333,
            "std_auc": 22.548214668177664,
            "num_seeds": 3
        },
        "0.99": {
            "mean_reward": -86.78776638604096,
            "std_reward": 1.372547454813698,
            "mean_auc": -135.0075,
            "std_auc": 30.778936452818943,
            "num_seeds": 3
        }
    },
    "ent_coef": {
        "0.0": {
            "mean_reward": -84.69458970834329,
            "std_reward": 2.3787221488181527,
            "mean_auc": -154.0775,
            "std_auc": 29.61035524103012,
            "num_seeds": 3
        },
        "0.01": {
            "mean_reward": -85.70286637788354,
            "std_reward": 1.9235987383406334,
            "mean_auc": -120.69999999999999,
            "std_auc": 11.779177779737712,
            "num_seeds": 3
        },
        "0.02": {
            "mean_reward": -84.08202225995096,
            "std_reward": 2.2960675288934738,
            "mean_auc": -139.62083333333334,
            "std_auc": 26.496644782353528,
            "num_seeds": 3
        }
    },
    "clip_range": {
        "0.2": {
            "mean_reward": -84.69458970834329,
            "std_reward": 2.3787221488181527,
            "mean_auc": -154.0775,
            "std_auc": 29.61035524103012,
            "num_seeds": 3
        },
        "0.15": {
            "mean_reward": -88.66162985922769,
            "std_reward": 2.798992493229659,
            "mean_auc": -135.70583333333335,
            "std_auc": 29.269226610706493,
            "num_seeds": 3
        },
        "0.1": {
            "mean_reward": -86.61818753142283,
            "std_reward": 1.2441498836881202,
            "mean_auc": -147.99583333333334,
            "std_auc": 31.711551939141817,
            "num_seeds": 3
        }
    },
    "net_arch": {
        "64x64": {
            "mean_reward": -84.69458970834329,
            "std_reward": 2.3787221488181527,
            "mean_auc": -154.0775,
            "std_auc": 29.61035524103012,
            "num_seeds": 3
        },
        "128x128": {
            "mean_reward": -84.56367690058478,
            "std_reward": 2.12387169729347,
            "mean_auc": -169.17583333333334,
            "std_auc": 14.822098132705621,
            "num_seeds": 3
        },
        "256x256": {
            "mean_reward": -82.59281694480936,
            "std_reward": 2.8249498403656745,
            "mean_auc": -132.38250000000002,
            "std_auc": 5.209796461155336,
            "num_seeds": 3
        }
    }
}