{
    "strategy": "identity",
    "num_seeds": 10,
    "final_unshaped_reward_mean": -175.59978463211502,
    "final_unshaped_reward_std": 37.27948999580437,
    "final_unshaped_reward_ci95": 28.110688440518864,
    "mean_training_time_seconds": 1684.0380900144578,
    "total_training_time_seconds": 16840.380900144577
}