{
    "final_rewards": {
        "identity_values": [
            -78.3,
            -80.7,
            -79.2,
            -85.0,
            -107.9
        ],
        "pbrs_values": [
            -224.8,
            -76.0,
            -83.4,
            -126.4,
            -86.7
        ],
        "t_statistic": 1.1744417292214162,
        "t_p_value": 0.3008896916870076,
        "u_statistic": 17.0,
        "u_p_value": 0.42063492063492064,
        "cohens_d": 0.7427821686972812
    },
    "thresholds": {
        "-300.0": {
            "identity_mean": 12000.0,
            "pbrs_mean": 7800.0,
            "t_statistic": 0.8693584195811634,
            "t_p_value": 0.4195319189028214,
            "u_statistic": 16.0,
            "u_p_value": 0.5038124288130608,
            "cohens_d": 0.5498305417841602
        },
        "-200.0": {
            "identity_mean": 13000.0,
            "pbrs_mean": 7250.0,
            "t_statistic": 1.1930290799683907,
            "t_p_value": 0.27464798454337275,
            "u_statistic": 15.0,
            "u_p_value": 0.2496154714902371,
            "cohens_d": 0.7506337350935536
        },
        "-150.0": {
            "identity_mean": 20000.0,
            "pbrs_mean": 8500.0,
            "t_statistic": 2.108406543164886,
            "t_p_value": 0.0736878858601974,
            "u_statistic": 17.5,
            "u_p_value": 0.07461874984835064,
            "cohens_d": 1.3931172532639595
        },
        "-100.0": {
            "identity_mean": 22000.0,
            "pbrs_mean": 11000.0,
            "t_statistic": 2.008316044185609,
            "t_p_value": 0.08521319196344643,
            "u_statistic": 17.0,
            "u_p_value": 0.10386194842613085,
            "cohens_d": 1.2861947267035423
        },
        "-80.0": {
            "identity_mean": 33000.0,
            "pbrs_mean": 27500.0,
            "t_statistic": 0.7344221733291848,
            "t_p_value": 0.5092900996685964,
            "u_statistic": 13.5,
            "u_p_value": 0.440686016488678,
            "cohens_d": 0.5480461749972151
        }
    }
}