{
    "final_rewards": {
        "identity_values": [
            252.1763596,
            264.9421114,
            263.5226366,
            193.4100424,
            253.87455340000002,
            259.9079144,
            257.5136465,
            236.002599,
            231.1354437,
            251.84862760000001
        ],
        "pbrs_values": [
            248.847507,
            258.5388598,
            217.8137823,
            261.8189712,
            233.5762778,
            277.7756277,
            255.18780700000002,
            248.9967737,
            245.208999,
            247.67882660000004
        ],
        "t_statistic": -0.36449152601736745,
        "t_p_value": 0.7200785065996866,
        "u_statistic": 54.0,
        "u_p_value": 0.7913367801006604,
        "cohens_d": -0.16300556587949336
    },
    "thresholds": {
        "-100.0": {
            "identity_mean": 61500.0,
            "pbrs_mean": 59000.0,
            "t_statistic": 0.1869603465918988,
            "t_p_value": 0.8537966626500939,
            "u_statistic": 55.0,
            "u_p_value": 0.7328590464785674,
            "cohens_d": 0.08361120881528138
        },
        "0.0": {
            "identity_mean": 96500.0,
            "pbrs_mean": 104500.0,
            "t_statistic": -0.7880509239637423,
            "t_p_value": 0.44136055280767317,
            "u_statistic": 41.5,
            "u_p_value": 0.5439838315636973,
            "cohens_d": -0.3524270871428891
        },
        "50.0": {
            "identity_mean": 100500.0,
            "pbrs_mean": 131000.0,
            "t_statistic": -1.8810085975078832,
            "t_p_value": 0.08026899262406088,
            "u_statistic": 29.5,
            "u_p_value": 0.129411808080321,
            "cohens_d": -0.8412126180578336
        },
        "100.0": {
            "identity_mean": 118500.0,
            "pbrs_mean": 139500.0,
            "t_statistic": -1.0410024048127546,
            "t_p_value": 0.31188135876377077,
            "u_statistic": 40.5,
            "u_p_value": 0.4959675729800952,
            "cohens_d": -0.46555042838041477
        },
        "200.0": {
            "identity_mean": 233000.0,
            "pbrs_mean": 225000.0,
            "t_statistic": 0.2521292178204563,
            "t_p_value": 0.8044554885443751,
            "u_statistic": 48.5,
            "u_p_value": 0.9394927302503968,
            "cohens_d": 0.11275561403207834
        }
    }
}