{
    "strategy": "dense",
    "num_seeds": 10,
    "final_unshaped_reward_mean": 266.80992242704525,
    "final_unshaped_reward_std": 5.584498437846279,
    "final_unshaped_reward_ci95": 4.211004380707163,
    "mean_training_time_seconds": 1841.4891137361526,
    "total_training_time_seconds": 18414.891137361526
}