{
    "strategy": "dense",
    "num_seeds": 10,
    "final_unshaped_reward_mean": -468.34751918638165,
    "final_unshaped_reward_std": 11.31591526358663,
    "final_unshaped_reward_ci95": 8.532792922590842,
    "mean_training_time_seconds": 1263.9979746818542,
    "total_training_time_seconds": 12639.979746818542
}