#{"t_start": 1783192909.380036, "env_id": "CartPole-v1"}
r,l,t,original_reward,shaped_reward
10.0,10,2.046443,10.0,10.0
9.0,9,2.050349,9.0,9.0
105.0,105,2.339261,105.0,105.0
50.0,50,2.35686,50.0,50.0
