{
    "strategy": "pbrs",
    "num_seeds": 10,
    "final_unshaped_reward_mean": 240.78358198047172,
    "final_unshaped_reward_std": 21.892166652986703,
    "final_unshaped_reward_ci95": 16.507840534816506,
    "mean_training_time_seconds": 1780.8121700048446,
    "total_training_time_seconds": 17808.121700048447
}