{
    "strategy": "dense",
    "num_seeds": 10,
    "final_unshaped_reward_mean": -137.28554229112274,
    "final_unshaped_reward_std": 31.540649328369778,
    "final_unshaped_reward_ci95": 23.78330193308034,
    "mean_training_time_seconds": 1409.6381553411484,
    "total_training_time_seconds": 14096.381553411484
}