{
    "strategy": "identity",
    "num_seeds": 5,
    "final_unshaped_reward_mean": 99.00629594152971,
    "final_unshaped_reward_std": 32.68298808306585,
    "final_unshaped_reward_ci95": 45.371261143233085,
    "mean_training_time_seconds": 644.0870909690857,
    "total_training_time_seconds": 3220.4354548454285
}