{
    "strategy": "identity",
    "num_seeds": 10,
    "final_unshaped_reward_mean": 242.81763884060086,
    "final_unshaped_reward_std": 16.704506396066645,
    "final_unshaped_reward_ci95": 12.59607293193476,
    "mean_training_time_seconds": 1764.916636109352,
    "total_training_time_seconds": 17649.16636109352
}