{
    "final_rewards": {
        "dense_values": [
            -118.4,
            -87.2,
            -75.9,
            -125.1,
            -88.2
        ],
        "pbrs_values": [
            -224.8,
            -76.0,
            -83.4,
            -126.4,
            -86.7
        ],
        "t_statistic": 0.697948548308392,
        "t_p_value": 0.5166535032094,
        "u_statistic": 13.0,
        "u_p_value": 1.0,
        "cohens_d": 0.4414214204525158
    },
    "thresholds": {
        "-300.0": {
            "dense_mean": 10000.0,
            "pbrs_mean": 7800.0,
            "t_statistic": 0.7198619901040573,
            "t_p_value": 0.49220183153688846,
            "u_statistic": 16.5,
            "u_p_value": 0.44319355006719996,
            "cohens_d": 0.4552806979420822
        },
        "-200.0": {
            "dense_mean": 10000.0,
            "pbrs_mean": 7250.0,
            "t_statistic": 0.8029696215572991,
            "t_p_value": 0.4505802338901389,
            "u_statistic": 14.0,
            "u_p_value": 0.36167307052394915,
            "cohens_d": 0.5411810249796861
        },
        "-150.0": {
            "dense_mean": 10000.0,
            "pbrs_mean": 8500.0,
            "t_statistic": 0.3375263702778072,
            "t_p_value": 0.7495568776583348,
            "u_statistic": 13.0,
            "u_p_value": 0.520529502997093,
            "cohens_d": 0.2384516843643032
        },
        "-100.0": {
            "dense_mean": 14000.0,
            "pbrs_mean": 11000.0,
            "t_statistic": 0.7276068751089989,
            "t_p_value": 0.4948939002588496,
            "u_statistic": 13.5,
            "u_p_value": 0.45088703102517036,
            "cohens_d": 0.5
        },
        "-80.0": {
            "dense_mean": 31000.0,
            "pbrs_mean": 27500.0,
            "t_statistic": 0.3005833296200614,
            "t_p_value": 0.7725319133662838,
            "u_statistic": 10.0,
            "u_p_value": 1.0,
            "cohens_d": 0.19329726956855328
        }
    }
}