{
    "final_rewards": {
        "identity_values": [
            -200.0,
            -122.2,
            -200.0,
            -200.0,
            -119.1,
            -200.0,
            -200.0,
            -200.0,
            -133.6,
            -200.0
        ],
        "pbrs_values": [
            -112.8,
            -200.0
        ],
        "t_statistic": -0.46767206520787147,
        "t_p_value": 0.7134699568374867,
        "u_statistic": 6.5,
        "u_p_value": 0.44314748583242747,
        "cohens_d": -0.5315610160028633
    },
    "thresholds": {
        "-180.0": {
            "identity_mean": 511666.6666666667,
            "pbrs_mean": 115000.0,
            "t_statistic": 0.0,
            "t_p_value": 1.0,
            "u_statistic": 0.0,
            "u_p_value": 1.0,
            "cohens_d": 0.0
        },
        "-160.0": {
            "identity_mean": 526666.6666666666,
            "pbrs_mean": 115000.0,
            "t_statistic": 0.0,
            "t_p_value": 1.0,
            "u_statistic": 0.0,
            "u_p_value": 1.0,
            "cohens_d": 0.0
        },
        "-140.0": {
            "identity_mean": 541666.6666666666,
            "pbrs_mean": 115000.0,
            "t_statistic": 0.0,
            "t_p_value": 1.0,
            "u_statistic": 0.0,
            "u_p_value": 1.0,
            "cohens_d": 0.0
        },
        "-120.0": {
            "identity_mean": 575000.0,
            "pbrs_mean": 220000.0,
            "t_statistic": 0.0,
            "t_p_value": 1.0,
            "u_statistic": 0.0,
            "u_p_value": 1.0,
            "cohens_d": 0.0
        },
        "-110.0": {
            "identity_mean": 603333.3333333334,
            "pbrs_mean": 245000.0,
            "t_statistic": 0.0,
            "t_p_value": 1.0,
            "u_statistic": 0.0,
            "u_p_value": 1.0,
            "cohens_d": 0.0
        }
    }
}